title,company,link,reward
웹(NextJS) 및 앱(React Native) 개발자,워로브라더스,https://www.wanted.co.kr/wd/331830,합격보상금 100만원
웹 프론트엔드 개발자,비글즈,https://www.wanted.co.kr/wd/319930,합격보상금 100만원
Web Frontend Developer,비바이노베이션,https://www.wanted.co.kr/wd/311996,합격보상금 100만원
[Geneva] 웹 프론트 개발자,베이글코드(Bagelcode),https://www.wanted.co.kr/wd/300090,합격보상금 100만원
웹(NextJS) 및 앱(React Native) 개발자,왈로우,https://www.wanted.co.kr/wd/331819,합격보상금 100만원
풀스택 개발자,니즈,https://www.wanted.co.kr/wd/325797,합격보상금 100만원
Sr. Frontend Engineer,에이아이트릭스(AITRICS),https://www.wanted.co.kr/wd/306423,합격보상금 100만원
[인턴] Next.js 풀스택 개발자,루미크래프트,https://www.wanted.co.kr/wd/321317,합격보상금 100만원
웹(NextJS) 및 앱(React Native) 개발자,워로브라더스,https://www.wanted.co.kr/wd/331830,합격보상금 100만원
웹 프론트엔드 개발자,비글즈,https://www.wanted.co.kr/wd/319930,합격보상금 100만원
Web Frontend Developer,비바이노베이션,https://www.wanted.co.kr/wd/311996,합격보상금 100만원
[Geneva] 웹 프론트 개발자,베이글코드(Bagelcode),https://www.wanted.co.kr/wd/300090,합격보상금 100만원
웹(NextJS) 및 앱(React Native) 개발자,왈로우,https://www.wanted.co.kr/wd/331819,합격보상금 100만원
풀스택 개발자,니즈,https://www.wanted.co.kr/wd/325797,합격보상금 100만원
Sr. Frontend Engineer,에이아이트릭스(AITRICS),https://www.wanted.co.kr/wd/306423,합격보상금 100만원
[인턴] Next.js 풀스택 개발자,루미크래프트,https://www.wanted.co.kr/wd/321317,합격보상금 100만원
Product Engineer (백엔드),퍼슬리,https://www.wanted.co.kr/wd/310971,합격보상금 100만원
Frontend Software Engineer,시나몬,https://www.wanted.co.kr/wd/320429,합격보상금 100만원
Frontend Developer(5년 이상),네이션에이,https://www.wanted.co.kr/wd/323641,합격보상금 100만원
Frontend Engineer,코코지,https://www.wanted.co.kr/wd/315264,합격보상금 100만원
웹 프론트엔드 개발자 (5년차 이상),뉴스젤리(Newsjelly),https://www.wanted.co.kr/wd/296319,합격보상금 100만원
웹 백엔드 개발자 (5년차 이상),뉴스젤리(Newsjelly),https://www.wanted.co.kr/wd/296313,합격보상금 100만원
Fullstack Engineer,스포트라이트글로벌,https://www.wanted.co.kr/wd/326171,합격보상금 100만원
"React, Next.js 웹 프론트 개발자 (4~5년)",루트업,https://www.wanted.co.kr/wd/319695,합격보상금 100만원
[Commerce] 프론트엔드 개발자(5년이상/파트리드),와이즐리컴퍼니,https://www.wanted.co.kr/wd/305377,합격보상금 100만원
"Software Engineer, Full Stack - 광고플랫폼",놀유니버스,https://www.wanted.co.kr/wd/329798,합격보상금 100만원
Next.js 풀스택 개발자,루미크래프트,https://www.wanted.co.kr/wd/320247,합격보상금 100만원
Electron Developer.,오피지지(OP.GG),https://www.wanted.co.kr/wd/321442,합격보상금 100만원
[Platform] 프론트엔드 웹 개발,베이글코드(Bagelcode),https://www.wanted.co.kr/wd/298925,합격보상금 100만원
[기업부설 연구소] WEB/APP Front 개발 리더 (4년 이상),아인잡(AINJOB),https://www.wanted.co.kr/wd/193805,합격보상금 100만원
[연구개발부문] Frontend Senior 개발자,크라우드웍스,https://www.wanted.co.kr/wd/317946,합격보상금 100만원
[CC CTO] 다나와개발본부 Frontend Engineer,커넥트웨이브,https://www.wanted.co.kr/wd/309995,합격보상금 100만원
[뤼튼/크랙] Frontend Engineer,뤼튼테크놀로지스,https://www.wanted.co.kr/wd/307461,합격보상금 100만원
Fullstack Engineer (10년 이상),리얼드로우,https://www.wanted.co.kr/wd/297885,합격보상금 100만원
연구개발부문 AI 고급 개발자 (5년 이상),심시스글로벌,https://www.wanted.co.kr/wd/291748,합격보상금 100만원
AI 국제 물류 스타트업 IT Ops 개발자,아로아랩스,https://www.wanted.co.kr/wd/330179,합격보상금 100만원
프론트엔드 웹 개발자 React.js / Next.js (3~5년),클라우드호스피탈,https://www.wanted.co.kr/wd/207121,합격보상금 100만원
고객관리 프로그램 프론트엔드 개발자,케어랩스,https://www.wanted.co.kr/wd/327279,합격보상금 100만원
프론트엔드 개발자 (2~5년차),메이데이파트너스,https://www.wanted.co.kr/wd/233660,합격보상금 100만원
프론트엔드 개발자(2년 이상),퍼플아카데미,https://www.wanted.co.kr/wd/329286,합격보상금 100만원
Front End 개발자(React/Next.js),세이프닥,https://www.wanted.co.kr/wd/330522,합격보상금 100만원
웹 풀스택(Fullstack) 주니어 개발자,에이아이구루,https://www.wanted.co.kr/wd/321190,합격보상금 100만원
"[패스트캠퍼스] 프론트엔드 개발자(주니어, 1년 이상)",데이원컴퍼니,https://www.wanted.co.kr/wd/307802,합격보상금 100만원
Next.js 프론트엔드/백엔드 개발자,스네이크스테이크,https://www.wanted.co.kr/wd/323838,합격보상금 100만원
프론트엔드 개발자 (Next.js/React/TypeScript · 3년 이상),한국공교육원,https://www.wanted.co.kr/wd/330943,합격보상금 100만원
프론트 개발자 (Frontend Developer),렌트리,https://www.wanted.co.kr/wd/328392,합격보상금 100만원
프론트 엔지니어 (2~5년),넥스트그라운드,https://www.wanted.co.kr/wd/329942,합격보상금 100만원
웹 프론트엔드 엔지니어,바이오리서치에이아이,https://www.wanted.co.kr/wd/322656,합격보상금 100만원
Frontend 개발자,오픈플랜,https://www.wanted.co.kr/wd/313815,합격보상금 100만원
[라포랩스/퀸잇] Frontend Engineer : Scale Squad,라포랩스,https://www.wanted.co.kr/wd/327168,합격보상금 100만원
[hourplace] React 프론트엔드 개발자,먼치팩토리,https://www.wanted.co.kr/wd/322481,합격보상금 100만원
Front-end Developer,현대캐피탈,https://www.wanted.co.kr/wd/307523,합격보상금 100만원
AI 프론트엔드 개발자,앵글컴퍼니,https://www.wanted.co.kr/wd/325567,합격보상금 100만원
웹 프론트엔드 개발자 (React),디렉셔널,https://www.wanted.co.kr/wd/316610,합격보상금 100만원
"Software Engineer, Frontend - 다이나믹 패키지",놀유니버스,https://www.wanted.co.kr/wd/310057,합격보상금 100만원
Frontend Engineer (Global/3년 이상),리디(RIDI),https://www.wanted.co.kr/wd/320929,합격보상금 100만원
